model,trait,rs
bslmm,beak_depth,Scaffold_2__1_contigs__length_114774641.68475368
bslmm,beak_depth,Scaffold_1__1_contigs__length_151072562.110665475
bslmm,beak_depth,Scaffold_1__1_contigs__length_151072562.37796964
bslmm,beak_depth,Scaffold_19__1_contigs__length_21238924.13416638
bslmm,beak_width,Scaffold_16__1_contigs__length_31385163.26471502
bslmm,culmen_end_length,Scaffold_1__1_contigs__length_151072562.39837818
bslmm,culmen_end_length,Scaffold_1__1_contigs__length_151072562.57781639
bslmm,GCRF_bill_PC,Scaffold_1__1_contigs__length_151072562.54132477
bslmm,GCRF_bill_PC,Scaffold_7__1_contigs__length_62267870.31872111
bslmm,GCRF_bill_PC,Scaffold_2__1_contigs__length_114774641.85189033
bslmm,GCRF_bill_PC,Scaffold_23__1_contigs__length_18116493.1385210
bslmm,GCRF_bill_PC,Scaffold_1__1_contigs__length_151072562.138869993
bslmm,GCRF_bill_PC,Scaffold_2__1_contigs__length_114774641.103228656
bslmm,GCRF_bill_PC,Scaffold_1__1_contigs__length_151072562.108192624
bslmm,GCRF_bill_PC,Scaffold_23__1_contigs__length_18116493.2449928
bslmm,GCRF_bill_PC,Scaffold_5__1_contigs__length_71959612.14244530
bslmm,nare_length,Scaffold_23__1_contigs__length_18116493.17238783
bslmm,nare_length,Scaffold_16__1_contigs__length_31385163.10262213
bslmm,nare_length,Scaffold_2__1_contigs__length_114774641.85215792
bslmm,nare_length,Scaffold_21__1_contigs__length_20640149.19996029
bslmm,nare_length,Scaffold_1__1_contigs__length_151072562.88279550
bslmm,nare_length,Scaffold_7__1_contigs__length_62267870.22715604
bslmm,GCRF_feather_PC,Scaffold_8__1_contigs__length_35685229.25471973
bslmm,GCRF_feather_PC,Scaffold_6__1_contigs__length_71876329.60198070
bslmm,GCRF_feather_PC,Scaffold_2__1_contigs__length_114774641.92336930
bslmm,GCRF_feather_PC,Scaffold_5__1_contigs__length_71959612.65589803
bslmm,GCRF_feather_PC,Scaffold_1__1_contigs__length_151072562.128626182
bslmm,GCRF_feather_PC,Scaffold_1__1_contigs__length_151072562.146593939
bslmm,GCRF_feather_PC,Scaffold_2__1_contigs__length_114774641.80634326
bslmm,GCRF_feather_PC,Scaffold_3__1_contigs__length_112408489.112330666
bslmm,pen_length,Scaffold_4__1_contigs__length_75720081.73659423
bslmm,pen_length,Scaffold_4__1_contigs__length_75720081.53108254
bslmm,pen_length,Scaffold_8__1_contigs__length_35685229.5145179
bslmm,pen_length,Scaffold_8__1_contigs__length_35685229.32918258
bslmm,pen_length,Scaffold_1__1_contigs__length_151072562.149407156
bslmm,pen_length,Scaffold_24__1_contigs__length_16295608.7912423
bslmm,pen_length,Scaffold_1__1_contigs__length_151072562.88313335
bslmm,pen_length,Scaffold_2__1_contigs__length_114774641.84687323
bslmm,pen_length,Scaffold_6__1_contigs__length_71876329.70326317
bslmm,pen_length,Scaffold_4__1_contigs__length_75720081.42293759
bslmm,pen_length,Scaffold_6__1_contigs__length_71876329.45025068
bslmm,pen_length,Scaffold_7__1_contigs__length_62267870.57194752
bslmm,pen_length,Scaffold_3__1_contigs__length_112408489.53961282
bslmm,pen_length,Scaffold_1__1_contigs__length_151072562.20410208
bslmm,pen_length,Scaffold_23__1_contigs__length_18116493.6157009
bslmm,pen_length,Scaffold_4__1_contigs__length_75720081.60965510
bslmm,pen_length,Scaffold_27__1_contigs__length_12364714.9525630
bslmm,pen_length,Scaffold_5__1_contigs__length_71959612.69052970
bslmm,pen_length,Scaffold_23__1_contigs__length_18116493.6157005
bslmm,pen_length,Scaffold_20__1_contigs__length_20685320.19570155
bslmm,pen_num,Scaffold_7__1_contigs__length_62267870.11129059
bslmm,pen_num,Scaffold_4__1_contigs__length_75720081.19553053
bslmm,plum_num,Scaffold_23__1_contigs__length_18116493.6233851
bslmm,plum_num,Scaffold_16__1_contigs__length_31385163.23086851
bslmm,plum_num,Scaffold_2__1_contigs__length_114774641.35557660
bslmm,plum_num,Scaffold_18__1_contigs__length_25274884.23065059
bslmm,plum_num,Scaffold_1__1_contigs__length_151072562.123443491
bslmm,plum_num,Scaffold_5__1_contigs__length_71959612.9436839
bslmm,plum_num,Scaffold_7__1_contigs__length_62267870.25567355
bslmm,plum_num,Scaffold_1__1_contigs__length_151072562.13973004
bslmm,plum_num,Scaffold_1__1_contigs__length_151072562.56742347
bslmm,plum_num,Scaffold_7__1_contigs__length_62267870.31092659
bslmm,plum_num,Scaffold_5__1_contigs__length_71959612.32645017
bslmm,plum_num,Scaffold_2__1_contigs__length_114774641.29284537
bslmm,plum_num,Scaffold_1__1_contigs__length_151072562.72942140
bslmm,plum_num,Scaffold_1__1_contigs__length_151072562.25014581
bslmm,plum_num,Scaffold_7__1_contigs__length_62267870.1308038
bslmm,plum_num,Scaffold_7__1_contigs__length_62267870.11737387
bslmm,plum_num,Scaffold_17__1_contigs__length_31071440.22886518
bslmm,plum_num,Scaffold_4__1_contigs__length_75720081.72952606
bslmm,plum_num,Scaffold_1__1_contigs__length_151072562.57014835
bslmm,plum_num,Scaffold_3__1_contigs__length_112408489.64413221
bslmm,plum_num,Scaffold_17__1_contigs__length_31071440.20584444
bslmm,plum_num,Scaffold_1__1_contigs__length_151072562.113831504
bslmm,plum_num,Scaffold_22__1_contigs__length_19532606.9817097
bslmm,plum_num,Scaffold_6__1_contigs__length_71876329.46591450
bslmm,plum_num,Scaffold_1__1_contigs__length_151072562.5862329
bslmm,plum_num,Scaffold_17__1_contigs__length_31071440.8264024
bslmm,plum_num,Scaffold_2__1_contigs__length_114774641.66594799
bslmm,plum_num,Scaffold_3__1_contigs__length_112408489.38388426
bslmm,plum_num,Scaffold_25__1_contigs__length_14943599.4816741
